{
  "feature_names": [
    "embed_0",
    "embed_1",
    "embed_2",
    "embed_3",
    "embed_4",
    "embed_5",
    "embed_6",
    "embed_7",
    "embed_8",
    "embed_9",
    "embed_10",
    "embed_11",
    "embed_12",
    "embed_13",
    "embed_14",
    "embed_15",
    "embed_16",
    "embed_17",
    "embed_18",
    "embed_19",
    "embed_20",
    "embed_21",
    "embed_22",
    "embed_23",
    "embed_24",
    "embed_25",
    "embed_26",
    "embed_27",
    "embed_28",
    "embed_29",
    "embed_30",
    "embed_31",
    "qsofa_score",
    "sirs_score",
    "shock_index",
    "heart_rate_pct_change",
    "systolic_bp_pct_change",
    "diastolic_bp_pct_change",
    "respiratory_rate_pct_change",
    "spo2_pct_change",
    "temperature_pct_change",
    "heart_rate_slope",
    "systolic_bp_slope",
    "diastolic_bp_slope",
    "respiratory_rate_slope",
    "spo2_slope",
    "temperature_slope",
    "heart_rate_variance",
    "systolic_bp_variance",
    "diastolic_bp_variance",
    "respiratory_rate_variance",
    "spo2_variance",
    "temperature_variance",
    "heart_rate_zscore",
    "systolic_bp_zscore",
    "diastolic_bp_zscore",
    "respiratory_rate_zscore",
    "spo2_zscore",
    "temperature_zscore",
    "heart_rate_min",
    "systolic_bp_min",
    "diastolic_bp_min",
    "respiratory_rate_min",
    "spo2_min",
    "temperature_min",
    "heart_rate_max",
    "systolic_bp_max",
    "diastolic_bp_max",
    "respiratory_rate_max",
    "spo2_max",
    "temperature_max",
    "heart_rate_latest",
    "systolic_bp_latest",
    "diastolic_bp_latest",
    "respiratory_rate_latest",
    "spo2_latest",
    "temperature_latest"
  ],
  "feature_importance": {
    "embed_28": 0.2984332740306854,
    "embed_15": 0.19519540667533875,
    "embed_22": 0.13856181502342224,
    "embed_1": 0.08627188205718994,
    "embed_20": 0.0699739009141922,
    "embed_21": 0.061825089156627655,
    "embed_10": 0.03613263741135597,
    "embed_8": 0.020960763096809387,
    "embed_5": 0.01711667887866497,
    "embed_29": 0.013766542077064514,
    "embed_0": 0.011286948807537556,
    "embed_12": 0.008592660538852215,
    "embed_24": 0.006701916456222534,
    "embed_7": 0.003946297336369753,
    "embed_11": 0.003934425767511129,
    "embed_25": 0.0034726602025330067,
    "embed_31": 0.003188964445143938,
    "embed_26": 0.002936162054538727,
    "embed_14": 0.0028828484937548637,
    "embed_30": 0.002407306572422385,
    "embed_13": 0.001712330966256559,
    "embed_6": 0.001509804162196815,
    "embed_16": 0.0012454864336177707,
    "embed_4": 0.0010212756460532546,
    "embed_17": 0.0006206639809533954,
    "shock_index": 0.0006145157967694104,
    "embed_2": 0.0005937291425652802,
    "embed_27": 0.0005727479583583772,
    "embed_9": 0.0003921665484085679,
    "spo2_pct_change": 0.0003903711913153529,
    "respiratory_rate_max": 0.00029280726448632777,
    "respiratory_rate_zscore": 0.00022343129967339337,
    "spo2_zscore": 0.0002154587273253128,
    "embed_3": 0.00020231513190083206,
    "embed_23": 0.0001932621671585366,
    "temperature_zscore": 0.0001914989552460611,
    "temperature_latest": 0.0001647120516281575,
    "spo2_latest": 0.0001636014349060133,
    "embed_18": 0.00016309268539771438,
    "heart_rate_latest": 0.00016012748528737575,
    "respiratory_rate_latest": 0.00013034831499680877,
    "embed_19": 9.612701251171529e-05,
    "diastolic_bp_min": 8.572651859140024e-05,
    "systolic_bp_zscore": 8.304919174406677e-05,
    "systolic_bp_pct_change": 7.887727406341583e-05,
    "heart_rate_slope": 7.485906826332211e-05,
    "sirs_score": 6.732163456035778e-05,
    "diastolic_bp_zscore": 6.587551615666598e-05,
    "heart_rate_max": 6.580477929674089e-05,
    "spo2_min": 6.491559179266915e-05,
    "respiratory_rate_slope": 5.6440105254296213e-05,
    "heart_rate_zscore": 5.6255044910358265e-05,
    "diastolic_bp_pct_change": 5.428115400718525e-05,
    "spo2_variance": 5.2372186473803595e-05,
    "spo2_max": 5.062885247753002e-05,
    "respiratory_rate_pct_change": 4.900302883470431e-05,
    "heart_rate_variance": 4.739558062283322e-05,
    "systolic_bp_latest": 4.713913949672133e-05,
    "systolic_bp_min": 4.2319632484577596e-05,
    "heart_rate_pct_change": 4.147590516367927e-05,
    "temperature_slope": 3.982728594564833e-05,
    "diastolic_bp_slope": 3.7650501326425e-05,
    "diastolic_bp_latest": 3.737680526683107e-05,
    "respiratory_rate_min": 3.694490806083195e-05,
    "temperature_max": 3.6329332942841575e-05,
    "heart_rate_min": 3.168944749631919e-05,
    "diastolic_bp_variance": 3.0773957405472174e-05,
    "respiratory_rate_variance": 2.768093327176757e-05,
    "temperature_min": 2.751323154370766e-05,
    "systolic_bp_max": 2.5574921892257407e-05,
    "diastolic_bp_max": 2.5515915694995783e-05,
    "spo2_slope": 2.288964060426224e-05,
    "systolic_bp_slope": 2.1514280888368376e-05,
    "temperature_variance": 1.675119528954383e-05,
    "systolic_bp_variance": 1.4758072211407125e-05,
    "temperature_pct_change": 1.3397933798842132e-05,
    "qsofa_score": 1.2042144589941017e-05
  },
  "model_type": "regression"
}